Tumor	GeneId	Symbol	Normal_transcript	Tumor_transcript	Driver.x	DriverSymbol	Pathway	Distance	MS	M	S	N	p.me	Total	M.p	MS.p	S.p	N.p	Recurrence	Affects_mutated_feature	Mutual_exclusion	Coocurrence	PPI	Normal_protein	Tumor_protein	Annotation	DriverAnnotation	NotNoise	IsModel	IsFunctional	Driver.y	SpecificDriver	Druggable	CDS_Normal	CDS_Tumor	CDS_change	UTR_change	Patients_affected	PatientNumber	Percentage
brca	3371	TNC	uc010mvf.2	uc004bjj.3	999	CDH1	REACTOME_INTEGRIN_CELL_SURFACE_INTERACTIONS	5	5	96	104	764	0.0186735528104	969	0.0990712074303406	0.00515995872033024	0.107327141382869	0.78844169246646	1	1	0	0	0	None	P24821	HALLMARK_TNFA_SIGNALING_VIA_NFKB	driver	1	1	1	1	0	0	1	1	1	1	A10AT,A128T,A159T,A15KT,A1ATT,A0TYT,A243T,A24AT,A0U2T,A12FT,A1AVT,A0XUT,A0YMT,A18TT,A124T,A0YTT,A1FET,A12ZT,A0Y5T,A22HT,A18RT,A143T,A0TXT,A24UT,A24ST,A1F2T,A24NT,A12GT,A0U4T,A1HKT,A0TZT,A202T,A1LBT,A07OT,A1AYT,A23HT,A1F8T,A0XNT,A5EHT,A0YHT,A1RET,A18VT,A0WAT,A076T,A0AUT,A1FHT,A1NDT,A08CT,A0YGT,A1AZT,A24OT,A1HLT,A26ZT,A226T,A12QT,A18PT,A0H7T,A0DXT,A0FJT,A1N6T,A209T,A1AIT,A1FMT,A1ART,A1J8T,A27BT,A12PT,A1X9T,A12LT,A24QT,A0ADT,A08RT,A18UT,A09RT,A07UT,A25BT,A1JET,A1J9T,A4SET,A1G1T,A1XWT,A1OWT,A0SMT,A0SOT,A0IMT,A0TWT,A0G0T,A254T,A0AWT,A24VT,A251T,A4SFT,A09NT,A1F5T,A1PHT,A04HT,A0SXT,A096T,A090T,A1XJT,A24ZT,A26VT,A1JGT,A0AVT,A26GT,A1PET,A27MT,A08FT,A1JFT,A1X7T,A1B0T,A1JKT,A1KST,A0C1T,A1PCT	115	0.111003861003861
brca	3371	TNC	uc010mvf.2	uc004bjj.3	5290	PIK3CA	KEGG_FOCAL_ADHESION	4	27	286	82	574	0.0448239491115	969	0.29514963880289	0.0278637770897833	0.0846233230134159	0.592363261093911	1	1	0	0	0	None	P24821	HALLMARK_TNFA_SIGNALING_VIA_NFKB	driver	1	1	1	1	0	0	1	1	1	1	A10AT,A128T,A159T,A15KT,A1ATT,A0TYT,A243T,A24AT,A0U2T,A12FT,A1AVT,A0XUT,A0YMT,A18TT,A124T,A0YTT,A1FET,A12ZT,A0Y5T,A22HT,A18RT,A143T,A0TXT,A24UT,A24ST,A1F2T,A24NT,A12GT,A0U4T,A1HKT,A0TZT,A202T,A1LBT,A07OT,A1AYT,A23HT,A1F8T,A0XNT,A5EHT,A0YHT,A1RET,A18VT,A0WAT,A076T,A0AUT,A1FHT,A1NDT,A08CT,A0YGT,A1AZT,A24OT,A1HLT,A26ZT,A226T,A12QT,A18PT,A0H7T,A0DXT,A0FJT,A1N6T,A209T,A1AIT,A1FMT,A1ART,A1J8T,A27BT,A12PT,A1X9T,A12LT,A24QT,A0ADT,A08RT,A18UT,A09RT,A07UT,A25BT,A1JET,A1J9T,A4SET,A1G1T,A1XWT,A1OWT,A0SMT,A0SOT,A0IMT,A0TWT,A0G0T,A254T,A0AWT,A24VT,A251T,A4SFT,A09NT,A1F5T,A1PHT,A04HT,A0SXT,A096T,A090T,A1XJT,A24ZT,A26VT,A1JGT,A0AVT,A26GT,A1PET,A27MT,A08FT,A1JFT,A1X7T,A1B0T,A1JKT,A1KST,A0C1T,A1PCT	115	0.111003861003861
brca	6642	SNX1	uc002amv.2	uc010uio.1	999	CDH1	PID_AJDISS_2PATHWAY	4	0	101	50	818	0.00349552661396	969	0.104231166150671	0	0.0515995872033024	0.844169246646027	1	0	0	0	0	Q13596	Q13596-3	VESICLE_MEDIATED_TRANSPORT	d1	1	1	1	0	0	0	1	1	1	1	A26GT,A25CT,A0YTT,A24AT,A1ETT,A1XMT,A0JAT,A1FDT,A1X7T,A6ZFT,A1X8T,A26VT,A23CT,A049T,A0DHT,A0ETT,A13FT,A1X5T,A0HOT,A1R5T,A26JT,A1AVT,A24LT,A1N4T,A0JDT,A13GT,A24KT,A26ET,A24MT,A099T,A090T,A0B5T,A0JFT,A09NT,A0DDT,A1JAT,A0TZT,A22HT,A0TRT,A24NT,A1FWT,A1ILT,A24XT,A1RDT,A0BST,A10BT,A155T,A1KNT,A1PFT,A15TT,A0W3T,A156T,A0U3T,A0SOT,A1NET	55	0.0530888030888031
brca	7423	VEGFB	uc001nyx.2	uc001nyw.2	5290	PIK3CA	KEGG_RENAL_CELL_CARCINOMA,REACTOME_PLATELET_ACTIVATION_SIGNALING_AND_AGGREGATION,KEGG_PANCREATIC_CANCER,KEGG_PATHWAYS_IN_CANCER,KEGG_FOCAL_ADHESION,PID_VEGFR1_PATHWAY,KEGG_MTOR_SIGNALING_PATHWAY,REACTOME_HEMOSTASIS	5	23	290	75	581	0.0293694969338	969	0.299277605779154	0.0237358101135191	0.0773993808049536	0.599587203302374	1	0	0	0	0	P49765-2	P49765	HALLMARK_ADIPOGENESIS	d1	1	1	1	0	0	0	1	1	1	1	A5RWT,A0YTT,A5QQT,A5RZT,A08XT,A1JAT,A441T,A5D7T,A5S0T,A5DDT,A1AHT,A0XWT,A5D6T,A14WT,A0YJT,A5IZT,A14ZT,A0XNT,A12YT,A1EST,A6R8T,A423T,A03XT,A6SBT,A5DAT,A6SCT,A5DCT,A3XXT,A5YPT,A0WXT,A14TT,A5ZWT,A1LST,A0YET,A5FLT,A126T,A6ZGT,A0T2T,A56ZT,A573T,A4SFT,A3XZT,A13HT,A62XT,A1F2T,A08FT,A4RXT,A0FTT,A1JTT,A4S3T,A570T,A0SOT,A0RHT,A400T,A5UPT,A1EWT,A12VT,A1PAT,A1NCT,A66IT,A42TT,A5EHT,A42UT,A6SAT,A54NT,A4SET,A12LT,A3XTT,A1EOT,A5ZXT,A2OBT,A66KT,A1XKT,A66PT,A0IQT,A5YNT,A105T,A0DGT,A0DVT,A09BT,A4SBT,A3XUT,A04UT,A5XUT,A07IT,A226T,A40CT,A0B3T,A3YWT,A408T,A1LET,A1XAT,A401T,A0B8T,A0AWT,A0HNT,A3XST,A54XT,A5UOT,A3QAT,A1RGT,A2QHT,A2QJT,A23GT,A0AYT	105	0.101351351351351
brca	9266	CYTH2	uc002pji.2	uc002pjj.3	5290	PIK3CA	PID_PI3KCIPATHWAY	4	0	313	9	647	0.029340390091	969	0.323013415892673	0	0.00928792569659443	0.667698658410733	1	0	0	0	0	None	Q99418-2	HALLMARK_MITOTIC_SPINDLE	d1	1	1	1	0	0	0	0	1	1	1	A1FMT,A1IHT,A09TT,A1F5T,A4SAT,A1JTT,A1KST,A0YJT,A574T	9	0.00868725868725869
brca	961	CD47	uc003dwv.1	uc003dwt.1	7157	TP53	REACTOME_HEMOSTASIS	4	15	263	76	615	0.00359297858749	969	0.27141382868937	0.0154798761609907	0.0784313725490196	0.634674922600619	1	0	0	0	0	Q08722-3	Q08722	HALLMARK_INTERFERON_ALPHA_RESPONSE	Nothing	1	1	1	0	0	0	1	1	1	1	A0CJT,A40CT,A204T,A1JET,A1KCT,A5DCT,A1PAT,A15FT,A08GT,A1HOT,A06QT,A56ZT,A0U2T,A085T,A0CDT,A6R8T,A1IET,A1BDT,A0CST,A1B5T,A06UT,A6SAT,A1FWT,A5UOT,A081T,A1R7T,A1OXT,A0J7T,A0HXT,A0IAT,A1J3T,A0RPT,A1FXT,A140T,A6ZHT,A1P0T,A1R6T,A5QNT,A07LT,A049T,A1KQT,A04HT,A62VT,A0JIT,A0EMT,A14OT,A0B0T,A09RT,A54OT,A2DKT,A3HOT,A0J3T,A1FJT,A04LT,A1Y3T,A0SVT,A0CKT,A1XDT,A04RT,A1AUT,A3IZT,A2BMT,A1X6T,A18LT,A1XRT,A09WT,A0ETT,A27AT,A0U3T,A0SQT,A09KT,A06NT,A12XT,A15PT,A14QT,A273T,A0E1T,A0DHT,A0DCT,A09ET,A0B5T,A06TT,A0H0T,A04YT,A18GT,A6ZFT,A10BT,A2DCT,A109T,A2P6T,A2IUT,A0HOT,A1R2T,A13YT,A15RT,A24KT,A14TT,A1R0T	98	0.0945945945945946
brca	961	CD47	uc003dwv.1	uc003dwt.1	5290	PIK3CA	REACTOME_CELL_SURFACE_INTERACTIONS_AT_THE_VASCULAR_WALL,REACTOME_HEMOSTASIS,REACTOME_CELL_CELL_COMMUNICATION	6	18	295	73	583	0.00403631961968	969	0.304437564499484	0.0185758513931889	0.0753353973168215	0.601651186790506	1	0	0	0	0	Q08722-3	Q08722	HALLMARK_INTERFERON_ALPHA_RESPONSE	Nothing	1	1	1	0	0	0	1	1	1	1	A0CJT,A40CT,A204T,A1JET,A1KCT,A5DCT,A1PAT,A15FT,A08GT,A1HOT,A06QT,A56ZT,A0U2T,A085T,A0CDT,A6R8T,A1IET,A1BDT,A0CST,A1B5T,A06UT,A6SAT,A1FWT,A5UOT,A081T,A1R7T,A1OXT,A0J7T,A0HXT,A0IAT,A1J3T,A0RPT,A1FXT,A140T,A6ZHT,A1P0T,A1R6T,A5QNT,A07LT,A049T,A1KQT,A04HT,A62VT,A0JIT,A0EMT,A14OT,A0B0T,A09RT,A54OT,A2DKT,A3HOT,A0J3T,A1FJT,A04LT,A1Y3T,A0SVT,A0CKT,A1XDT,A04RT,A1AUT,A3IZT,A2BMT,A1X6T,A18LT,A1XRT,A09WT,A0ETT,A27AT,A0U3T,A0SQT,A09KT,A06NT,A12XT,A15PT,A14QT,A273T,A0E1T,A0DHT,A0DCT,A09ET,A0B5T,A06TT,A0H0T,A04YT,A18GT,A6ZFT,A10BT,A2DCT,A109T,A2P6T,A2IUT,A0HOT,A1R2T,A13YT,A15RT,A24KT,A14TT,A1R0T	98	0.0945945945945946
hnsc	4690	NCK1	uc011bme.1	uc003erh.2	841	CASP8	REACTOME_IMMUNE_SYSTEM	3	2	23	78	200	0.0188485249564	303	0.0759075907590759	0.0066006600660066	0.257425742574257	0.66006600660066	1	0	0	0	0	P16333-2	P16333	HALLMARK_MITOTIC_SPINDLE	driver	1	1	1	1	0	0	1	1	1	1	7253T,5631T,6023T,6474T,7102T,6024T,7372T,7589T,7243T,A4CAT,7235T,A4C6T,7069T,6997T,5977T,5629T,6934T,7082T,A4CIT,7365T,6992T,7415T,A4C7T,7065T,6517T,6227T,6950T,7373T,5966T,7177T,7409T,7248T,6956T,4074T,A49AT,8502T,8601T,7090T,6948T,7424T,6945T,6477T,7872T,5356T,6872T,7437T,6873T,7753T,5624T,6951T,6018T,A6DET,7831T,6493T,6823T,A465T,5441T,5367T,5330T,7383T,6936T,6941T,A4IFT,A4CHT,A5HUT,A642T,6228T,6935T,5365T,7429T,5436T,5149T,5332T,7250T,6962T,4075T,8635T,A63TT,7871T,7864T,6221T,7588T,5326T,A4CGT,5363T,5432T,5247T,5435T,5329T,A5Q6T,A5HYT,4723T,A61WT,7440T,6010T,5366T,4725T,4730T,A45WT,5555T,5444T,A61VT	102	0.241706161137441
kirc	2260	FGFR1	uc011lbv.1	uc011lbq.1	7428	VHL	KEGG_PATHWAYS_IN_CANCER	4	4	194	17	197	0.00498936108042	412	0.470873786407767	0.00970873786407767	0.0412621359223301	0.478155339805825	0	1	0	0	0	None	None	HALLMARK_ANGIOGENESIS	driver	1	1	1	1	0	1	1	1	1	1	5100T,4900T,4696T,5080T,4895T,4837T,5682T,4688T,5565T,5107T,4700T,4838T,4860T,4836T,3387T,4888T,5677T,3445T,4787T,4784T,3436T,4781T,4882T,5585T,4861T,4868T,4698T,4869T	28	0.0554455445544554
kirc	5979	RET	uc001jal.2	uc010qez.1	7428	VHL	KEGG_PATHWAYS_IN_CANCER	4	0	198	7	207	0.00972330256873	412	0.480582524271845	0	0.0169902912621359	0.502427184466019	0	1	0	0	0	P07949	None	HALLMARK_UV_RESPONSE_UP	driver	1	1	1	1	0	1	1	1	1	1	5706T,4839T,5702T,5453T,4817T,4891T,4696T,4101T	8	0.0158415841584158
luad	10397	NDRG1	uc003yug.2	uc003yue.1	1956	EGFR	PID_P53DOWNSTREAMPATHWAY	3	0	60	24	375	0.0315552583068	459	0.130718954248366	0	0.0522875816993464	0.816993464052288	1	0	0	0	0	Q92597	None	HALLMARK_P53_PATHWAY	driver	1	1	1	1	0	0	1	1	1	1	6597T,7281T,5068T,5778T,7149T,A4BDT,7813T,7043T,7725T,A470T,1678T,A44FT,8028T,4506T,A4N1T,5051T,7166T,A443T,5044T,4487T,A4VPT,8673T,7815T,A46PT,7726T	25	0.0512295081967213
luad	1453	CSNK1D	uc002keg.1	uc002kei.2	3845	KRAS	KEGG_GAP_JUNCTION	5	18	116	67	258	0.0451541024872	459	0.252723311546841	0.0392156862745098	0.145969498910675	0.562091503267974	1	0	0	0	0	None	P48730-2	HALLMARK_MITOTIC_SPINDLE	d1	1	1	1	0	0	0	0	1	1	1	6212T,8205T,2656T,6592T,6215T,A4SST,5126T,6595T,5941T,5611T,8398T,4424T,7954T,5072T,6777T,6590T,6743T,A4VNT,2662T,5147T,7974T,6979T,5933T,7727T,4514T,4629T,6982T,7994T,8055T,5774T,5781T,8175T,5908T,7670T,4632T,6978T,4666T,4658T,7765T,A4JFT,7953T,6205T,5425T,8399T,5607T,7661T,7146T,5125T,6145T,5045T,4426T,4122T,8090T,A4TCT,8074T,7978T,7995T,7913T,7570T,7458T,8091T,7283T,7163T,5429T,4397T,4420T,6975T,8278T,7973T,4625T,8506T,7499T,6594T,3398T,4123T,1679T,A46VT,7815T,7711T,A4LXT,1596T,8207T,6840T,4631T,6980T,7150T,8672T,1676T,3918T,7726T,3771T	91	0.186475409836066
luad	26271	FBXO5	uc003qph.2	uc003qpg.2	7157	TP53	REACTOME_CELL_CYCLE	3	2	218	9	230	0.0421680324376	459	0.474945533769063	0.00435729847494553	0.0196078431372549	0.501089324618736	1	0	0	0	0	Q9UKT4-2	Q9UKT4	HALLMARK_MITOTIC_SPINDLE	d1	1	1	1	0	0	0	1	1	1	1	5607T,4405T,A44FT,5781T,A46ST,6562T,A46VT,A46RT,A492T,7725T,A470T	11	0.0225409836065574
luad	4436	MSH2	uc002rvy.1	uc010fbg.2	7157	TP53	KEGG_COLORECTAL_CANCER,KEGG_PATHWAYS_IN_CANCER,PID_P53DOWNSTREAMPATHWAY	2	0	220	5	234	0.0375087392074	459	0.479302832244009	0	0.0108932461873638	0.509803921568627	1	0	0	0	0	P43246	None	HALLMARK_E2F_TARGETS	driver	1	1	1	1	0	0	1	1	1	1	A4BDT,A46PT,6597T,4507T,A492T	5	0.0102459016393443
luad	5879	RAC1	uc003spx.2	uc003spw.2	9817	KEAP1	REACTOME_IMMUNE_SYSTEM,REACTOME_ADAPTIVE_IMMUNE_SYSTEM	4	6	72	60	321	0.0413256300308	459	0.156862745098039	0.0130718954248366	0.130718954248366	0.699346405228758	1	1	0	0	0	P63000	P63000-2	HALLMARK_PI3K_AKT_MTOR_SIGNALING	driver	1	1	1	1	0	1	1	1	1	0	A4M1T,A4M6T,4249T,7980T,5930T,5068T,1677T,8177T,4389T,8119T,7994T,8172T,8171T,5935T,4424T,2661T,A4JNT,A46RT,A47BT,4430T,8117T,1596T,8097T,8207T,8203T,A46VT,8279T,A4YIT,4432T,8510T,7954T,8616T,8087T,4384T,A472T,A4T6T,7662T,7974T,5146T,7948T,7910T,7567T,A494T,7764T,7947T,6972T,8085T,6147T,5932T,8120T,7573T,A4YFT,7659T,A52JT,7025T,7159T,7161T,7158T,7576T,5423T,5428T,6215T,5425T,5944T,A4TAT,6178T	66	0.135245901639344
luad	960	CD44	uc001mvx.2	uc001mvv.2	3845	KRAS	REACTOME_IMMUNE_SYSTEM,REACTOME_CYTOKINE_SIGNALING_IN_IMMUNE_SYSTEM	4	0	134	10	315	0.0303986134953	459	0.291938997821351	0	0.0217864923747277	0.686274509803922	1	0	0	0	0	P16070-12	P16070-4	HALLMARK_APOPTOSIS	driver	1	1	1	1	0	0	1	1	1	0	6214T,7760T,5643T,6594T,8614T,7724T,3770T,8506T,8204T,5375T,8460T	11	0.0225409836065574
lusc	55763	EXOC1	uc003hbg.1	uc003hbf.1	5290	PIK3CA	PID_INSULIN_PATHWAY	6	0	27	19	132	0.0364604768693	178	0.151685393258427	0	0.106741573033708	0.741573033707865	1	0	0	0	0	Q9NV70-2	Q9NV70	Nothing	Nothing	1	1	1	0	0	0	1	1	1	1	8625T,8455T,8143T,8146T,8481T,3417T,5592T,6770T,5231T,5927T,8582T,5783T,2711T,A5I6T,2780T,8456T,4595T,6175T,7022T,2789T,8393T,2719T,A53BT,7943T,A5MIT,A5GFT,8116T,8250T,8156T,2600T,5928T,A52NT,1011T,2763T,2754T,6723T,A5DRT,8304T,A5MJT,8386T,8390T,A538T,8626T,8020T,2697T,7756T,7107T,8490T,8352T,5472T,8666T,8628T,8201T,8154T,2742T,8139T,8454T,7698T,A52VT,8251T,8072T,8021T,A50MT,A4JLT	64	0.132505175983437
thca	3561	IL2RG	uc004dyw.1	uc004dyv.1	673	BRAF	PID_CD8TCRDOWNSTREAMPATHWAY	6	1	238	5	155	0.0402612601606	399	0.596491228070175	0.0025062656641604	0.012531328320802	0.388471177944862	0	1	0	0	0	P31785	None	HALLMARK_KRAS_SIGNALING_UP	d1	1	1	1	0	0	0	1	1	1	1	A3FNT,A4UBT,A13WT,A2CRT,A41FT,A4FRT,A22QT,A3ZQT	8	0.0160965794768612
thca	3718	JAK3	uc002nhn.3	uc010ebh.2	673	BRAF	KEGG_CHEMOKINE_SIGNALING_PATHWAY	5	1	238	5	155	0.0402612601606	399	0.596491228070175	0.0025062656641604	0.012531328320802	0.388471177944862	1	1	0	0	0	P52333	None	PHOSPHORYLATION	driver	1	1	1	1	0	1	1	0	1	1	A41FT,A4UBT,A2CRT,A2QAT,A13RT,A13WT,A22QT,A3FNT	8	0.0160965794768612
thca	7450	VWF	uc001qnn.1	uc010set.1	673	BRAF	KEGG_FOCAL_ADHESION	6	0	239	6	154	0.00392730983316	399	0.598997493734336	0	0.0150375939849624	0.385964912280702	1	1	0	0	0	P04275	None	HALLMARK_COAGULATION	d1	1	1	1	0	0	0	1	1	1	1	A3FNT,A22QT,A4KNT,A13RT,A4UBT,A13WT,A2CRT,A41FT	8	0.0160965794768612
